Main Topic,Subtopic
1. Teoria da Constituição,1.1Conceito de Constituição
1. Teoria da Constituição,1.2Constitucionalismo
1. Teoria da Constituição,"1.3Poder Constituinte Originário, Derivado e Decorrente - Reforma (Emendas e Revisão) e Mutação da Constituição"
1. Teoria da Constituição,1.4Métodos de Interpretação Constitucional
1. Teoria da Constituição,1.5Princípios de Interpretação Constitucional
1. Teoria da Constituição,1.6Classificação das Constituições
1. Teoria da Constituição,1.7Classificação das Normas Constitucionais
1. Teoria da Constituição,1.8História Constitucional Brasileira
2. Preâmbulo da Constituição da República Federativa do Brasil  - 1988,
3. Princípios Fundamentais da República,"3.1Forma, Sistema e Fundamentos da República"
3. Princípios Fundamentais da República,3.2Objetivos Fundamentais da República
3. Princípios Fundamentais da República,3.3Princípios de Direito Constitucional Internacional
4. Teoria dos Direitos Fundamentais,
5. Direitos Individuais,5.1Direito à Vida
5. Direitos Individuais,5.2Direito à Liberdade
5. Direitos Individuais,5.3Direito à Igualdade
5. Direitos Individuais,5.4Direito à Privacidade
5. Direitos Individuais,5.5Direito à Honra
5. Direitos Individuais,5.6Direito de Propriedade
6. Direitos Individuais - Remédios Constitucionais e Garantias Processuais,6.1Remédios e Garantias Constitucionais
6. Direitos Individuais - Remédios Constitucionais e Garantias Processuais,6.2Habeas Corpus
6. Direitos Individuais - Remédios Constitucionais e Garantias Processuais,6.3Habeas Data
6. Direitos Individuais - Remédios Constitucionais e Garantias Processuais,6.4Mandado de Segurança
6. Direitos Individuais - Remédios Constitucionais e Garantias Processuais,6.5Mandado de Segurança Coletivo
6. Direitos Individuais - Remédios Constitucionais e Garantias Processuais,6.6Mandado de Injunção
6. Direitos Individuais - Remédios Constitucionais e Garantias Processuais,6.7Ação Popular
6. Direitos Individuais - Remédios Constitucionais e Garantias Processuais,6.8Direitos Constitucionais-Penais e Garantias Constitucionais do Processo
7. Direitos Sociais,
8. Direitos da Nacionalidade,
9. Direitos Políticos,
10. Partidos Políticos,
11. Organização Político-Administrativa do Estado,"11.1Formas de Estado - Estado Unitário, Confederação e Federação"
11. Organização Político-Administrativa do Estado,11.2O Federalismo Brasileiro
11. Organização Político-Administrativa do Estado,11.3Repartição de Competências Constitucionais
11. Organização Político-Administrativa do Estado,11.4Organização do Estado - União
11. Organização Político-Administrativa do Estado,11.5Organização do Estado – Estados
11. Organização Político-Administrativa do Estado,11.6Organização do Estado – Municípios
11. Organização Político-Administrativa do Estado,11.7Organização do Estado - Distrito Federal e Territórios
11. Organização Político-Administrativa do Estado,11.8Intervenção Federal e Estadual
12. Administração Pública – Disposições Gerais e Servidores Públicos,12.1Princípios da Administração Pública
12. Administração Pública – Disposições Gerais e Servidores Públicos,12.2Servidores Públicos
12. Administração Pública – Disposições Gerais e Servidores Públicos,12.3Disposições Gerais na Administração Pública
13. Organização dos Poderes,13.1Princípio da Separação dos Poderes
14. Poder Legislativo,14.1Funções Típicas e Atípicas
14. Poder Legislativo,14.2Congresso Nacional
14. Poder Legislativo,14.3Câmara dos Deputados
14. Poder Legislativo,14.4Senado Federal
14. Poder Legislativo,"14.5Vedações, Garantias e Imunidades Parlamentares"
14. Poder Legislativo,14.6Comissões Parlamentares e Comissões Parlamentares de Inquérito (CPIs)
14. Poder Legislativo,"14.7Tribunal de Contas da União (TCU) e Fiscalização Contábil, Financeira e Orçamentária da União"
14. Poder Legislativo,14.8Tribunais de Contas dos Estados (TCEs) e Tribunais e Conselhos de Contas dos Municípios
15. Processo Legislativo,15.1Processo Legislativo Ordinário
15. Processo Legislativo,15.2Fase Introdutória – Iniciativa de Lei por Parlamentar e Extra-Parlamentar
15. Processo Legislativo,15.3Fase Constitutiva
15. Processo Legislativo,15.4Deliberação Parlamentar
15. Processo Legislativo,15.5Regime de Urgência (Processo Legislativo Sumário)
15. Processo Legislativo,15.6Deliberação Executiva
15. Processo Legislativo,15.7Fase Complementar
15. Processo Legislativo,15.8Espécies Normativas: Lei Complementar e Lei Ordinária
15. Processo Legislativo,"15.9Espécies Normativas: Medida Provisória, Lei Delegada, Decreto Legislativo e Resolução"
16. Poder Executivo,"16.1Presidente da República, Vice-Presidente da República e Ministros de Estado."
16. Poder Executivo,"16.2Imunidade, Crimes Comuns, Crimes de Responsabilidade (Lei nº 1.079 de 1950) e Impeachment"
16. Poder Executivo,16.3Conselho da República e Conselho de Defesa Nacional
17. Poder Judiciário,17.1Disposições Gerais no Poder Judiciário
17. Poder Judiciário,17.2Garantias do Poder Judiciário e de seus Membros
17. Poder Judiciário,17.3Vedações
17. Poder Judiciário,17.4Quinto Constitucional da OAB e do MP
18. Organização do Poder Judiciário,18.1Superior Tribunal de Justiça
18. Organização do Poder Judiciário,18.2Tribunais Regionais Federais e Juízes Federais
18. Organização do Poder Judiciário,18.3Tribunais Regionais do Trabalho e Juízes do Trabalho
18. Organização do Poder Judiciário,18.4Tribunais Regionais Eleitorais e Juízes Eleitorais
18. Organização do Poder Judiciário,18.5Justiça Militar
18. Organização do Poder Judiciário,18.6Tribunais e Juízes dos Estados
18. Organização do Poder Judiciário,18.7Supremo Tribunal Federal
18. Organização do Poder Judiciário,18.8Conselho Nacional de Justiça
19. Funções Essenciais à Justiça,19.1Ministério Público
19. Funções Essenciais à Justiça,19.2Advocacia Pública
19. Funções Essenciais à Justiça,19.3Advocacia
19. Funções Essenciais à Justiça,19.4Defensoria Pública no Direito Constitucional
20. Controle de Constitucionalidade,20.1Controle Preventivo: Comissões de Constituição e Justiça e Veto Jurídico
20. Controle de Constitucionalidade,20.2Controle Repressivo do Poder Legislativo
20. Controle de Constitucionalidade,20.3Controle Repressivo do Poder Judiciário: o Controle Difuso ou Aberto
20. Controle de Constitucionalidade,20.4Repercussão Geral
20. Controle de Constitucionalidade,20.5Recurso Extraordinário
20. Controle de Constitucionalidade,20.6Súmula Vinculante
20. Controle de Constitucionalidade,20.7Ação Direta de Inconstitucionalidade Genérica - ADI ou ADIN
20. Controle de Constitucionalidade,20.8Ação Declaratória de Constitucionalidade - ADC
20. Controle de Constitucionalidade,20.9Arguição de Descumprimento de Preceito Fundamental - ADPF
20. Controle de Constitucionalidade,20.10Ação Direta de Inconstitucionalidade por Omissão - ADO
20. Controle de Constitucionalidade,20.11Ação Direta de Inconstitucionalidade Interventiva
20. Controle de Constitucionalidade,20.12Reclamação Constitucional
21. Defesa do Estado e das Instituições Democráticas,21.1Estado de Defesa
21. Defesa do Estado e das Instituições Democráticas,21.2Estado de Sítio
21. Defesa do Estado e das Instituições Democráticas,21.3Forças Armadas e Segurança Pública
22. Ordem Econômica e Financeira,22.1Princípios Gerais da Atividade Econômica
22. Ordem Econômica e Financeira,22.2Intervenção do Estado no Domínio Econômico
22. Ordem Econômica e Financeira,22.3Política Urbana
22. Ordem Econômica e Financeira,"22.4Política Agrícola, Fundiária e Reforma Agrária"
22. Ordem Econômica e Financeira,22.5Sistema Financeiro Nacional
22. Ordem Econômica e Financeira,22.6Finanças Públicas – Orçamento
22. Ordem Econômica e Financeira,22.7Sistema Tributário Nacional
23. Ordem Social,23.1Saúde
23. Ordem Social,23.2Previdência Social
23. Ordem Social,23.3Assistência Social
23. Ordem Social,"23.4Educação, Cultura e Desporto"
23. Ordem Social,"23.5Ciência, Tecnologia e Comunicação Social"
23. Ordem Social,23.6Meio Ambiente
23. Ordem Social,"23.7Família, Criança, Adolescente e Idoso"
23. Ordem Social,23.8Índios
24. Disposições Constitucionais Gerais,
25. Ato das Disposições Constitucionais Transitórias - ADCT,
26. Constituições Estaduais,
